<?xml version="1.0" encoding="UTF-8"?>

<!-- 
	file                 : sc-f1.xml
	created              : Tue Nov 02 23:03:59 CET 2000
	copyright            : (C) 2004 by SpeedyChonChon
	email                : speedy.chonchon@free.fr
	version              : $Id: default.xml,v 1.4.2.2 2008/05/30 23:18:13 berniw Exp $
-->

<!--    This program is free software; you can redistribute it and/or modify  -->
<!--    it under the terms of the GNU General Public License as published by  -->
<!--    the Free Software Foundation; either version 2 of the License, or     -->
<!--    (at your option) any later version.                                   -->

<!DOCTYPE params SYSTEM "../../../../src/libs/tgf/params.dtd">

<params name="Formula One" type="template">
	
	<section name="Car">
		<attnum name="initial fuel" unit="l" min="1.0" max="100.0" val="100.0"/>
	</section>
	
	<section name="Front Wing">
		<attnum name="angle" unit="deg" val="13"/>
	</section>
	
	<section name="Rear Wing">
		<attnum name="angle" unit="deg" val="3"/>
	</section>
	
	<section name="Gearbox">
		<section name="gears">
		<section name="r">
			<attnum name="ratio" min="-3" max="0" val="-2.0"/>
		</section>
	
		<section name="1">
			<attnum name="ratio" min="0" max="5" val="3.9"/>
		</section>
	
		<section name="2">
			<attnum name="ratio" min="0" max="5" val="2.9"/>
		</section>
	
		<section name="3">
			<attnum name="ratio" min="0" max="5" val="2.3"/>
		</section>
	
		<section name="4">
			<attnum name="ratio" min="0" max="5" val="1.87"/>
		</section>
	
		<section name="5">
			<attnum name="ratio" min="0" max="5" val="1.68"/>
		</section>
	
		<section name="6">
			<attnum name="ratio" min="0" max="5" val="1.54"/>
		</section>
	
		<section name="7">
			<attnum name="ratio" min="0" max="5" val="1.46"/>
		</section>
	
	
		</section>
	</section>
	
	<section name="Steer">
		<attnum name="steer lock" unit="deg" min="1" max="45" val="21"/>
		<attnum name="max steer speed" unit="deg/s" min="1" max="360" val="120"/>
	</section>
	
	<section name="Rear Differential">
		<attstr name="type" in="SPOOL,FREE,LIMITED SLIP" val="FREE"/>
		<attnum name="ratio" min="0" max="10" val="4.5"/>
	</section>
	
	<section name="Brake System">
		<attnum name="front-rear brake repartition" min="0.3" max="0.7" val="0.40"/>
		<attnum name="max pressure" unit="kPa" min="100" max="150000" val="24000"/>
	</section>
	
	<section name="Front Right Wheel">
		<attnum name="ride height" unit="mm" min="100" max="300" val="50"/>
		<attnum name="toe" unit="deg" min="-5" max="5" val="0"/>
		<attnum name="camber" min="-5" max="0" unit="deg" val="-4"/>
	</section>
	
	<section name="Front Left Wheel">
		<attnum name="ride height" unit="mm" min="100" max="300" val="50"/>
		<attnum name="toe" unit="deg" min="-5" max="5" val="0"/>
		<attnum name="camber" min="-5" max="0" unit="deg" val="-4"/>
	</section>
	
	<section name="Rear Right Wheel">
		<attnum name="ride height" unit="mm" min="100" max="300" val="80"/>
		<attnum name="toe" unit="deg" min="0" max="0" val="0"/>
		<attnum name="camber" min="-5" max="0" unit="deg" val="-1.5"/>
	</section>
	
	<section name="Rear Left Wheel">
		<attnum name="ride height" unit="mm" min="100" max="300" val="80"/>
		<attnum name="toe" unit="deg" min="0" max="0" val="0"/>
		<attnum name="camber" min="-5" max="0" unit="deg" val="-1.5"/>
	</section>
	
	<section name="Front Anti-Roll Bar">
		<attnum name="spring" unit="lbs/in" min="0" max="5000" val="0"/>
	</section>
	
	<section name="Rear Anti-Roll Bar">
		<attnum name="spring" unit="lbs/in" min="0" max="5000" val="0"/>
	</section>
	
	<section name="Front Right Suspension">
		<attnum name="spring" unit="lbs/in" min="0" max="10000" val="2000"/>
		<attnum name="suspension course" unit="m" min="0" max="0.2" val="0.2"/>
		<attnum name="bellcrank" min="0.1" max="5" val="1.5"/>
		<attnum name="packers" unit="mm" min="0" max="10" val="0"/>
		<attnum name="slow bump" unit="lbs/in/s" min="0" max="1000" val="80"/>
		<attnum name="slow rebound" unit="lbs/in/s" min="0" max="1000" val="80"/>
		<attnum name="fast bump" unit="lbs/in/s" min="0" max="1000" val="50"/>
		<attnum name="fast rebound" unit="lbs/in/s" min="0" max="1000" val="50"/>
	</section>
	
	<section name="Front Left Suspension">
		<attnum name="spring" unit="lbs/in" min="0" max="10000" val="2000"/>
		<attnum name="suspension course" unit="m" min="0" max="0.2" val="0.2"/>
		<attnum name="bellcrank" min="0.1" max="5" val="1.5"/>
		<attnum name="packers" unit="mm" min="0" max="10" val="0"/>
		<attnum name="slow bump" unit="lbs/in/s" min="0" max="1000" val="80"/>
		<attnum name="slow rebound" unit="lbs/in/s" min="0" max="1000" val="80"/>
		<attnum name="fast bump" unit="lbs/in/s" min="0" max="1000" val="50"/>
		<attnum name="fast rebound" unit="lbs/in/s" min="0" max="1000" val="50"/>
	</section>
	
	<section name="Rear Right Suspension">
		<attnum name="spring" unit="lbs/in" min="0" max="10000" val="4000"/>
		<attnum name="suspension course" unit="m" min="0" max="0.2" val="0.2"/>
		<attnum name="bellcrank" min="0.1" max="5" val="1.5"/>
		<attnum name="packers" unit="mm" min="0" max="10" val="0"/>
		<attnum name="slow bump" unit="lbs/in/s" min="0" max="1000" val="80"/>
		<attnum name="slow rebound" unit="lbs/in/s" min="0" max="1000" val="80"/>
		<attnum name="fast bump" unit="lbs/in/s" min="0" max="1000" val="50"/>
		<attnum name="fast rebound" unit="lbs/in/s" min="0" max="1000" val="50"/>
	</section>
	
	<section name="Rear Left Suspension">
		<attnum name="spring" unit="lbs/in" min="0" max="10000" val="4000"/>
		<attnum name="suspension course" unit="m" min="0" max="0.2" val="0.2"/>
		<attnum name="bellcrank" min="0.1" max="5" val="1.5"/>
		<attnum name="packers" unit="mm" min="0" max="10" val="0"/>
		<attnum name="slow bump" unit="lbs/in/s" min="0" max="1000" val="80"/>
		<attnum name="slow rebound" unit="lbs/in/s" min="0" max="1000" val="80"/>
		<attnum name="fast bump" unit="lbs/in/s" min="0" max="1000" val="50"/>
		<attnum name="fast rebound" unit="lbs/in/s" min="0" max="1000" val="50"/>
	</section>
	
	<section name="Front Right Brake">
		<attnum name="disk diameter" unit="mm" min="100" max="380" val="380"/>
		<attnum name="piston area" unit="cm2" val="50"/>
		<attnum name="mu" val="0.3"/>
		<attnum name="inertia" unit="kg.m2" val="0.1241"/>
	</section>
	
	<section name="Front Left Brake">
		<attnum name="disk diameter" unit="mm" min="100" max="380" val="380"/>
		<attnum name="piston area" unit="cm2" val="50"/>
		<attnum name="mu" val="0.3"/>
		<attnum name="inertia" unit="kg.m2" val="0.1241"/>
	</section>
	
	<section name="Rear Right Brake">
		<attnum name="disk diameter" unit="mm" min="100" max="380" val="350"/>
		<attnum name="piston area" unit="cm2" val="25"/>
		<attnum name="mu" val="0.3"/>
		<attnum name="inertia" unit="kg.m2" val="0.0714"/>
	</section>
	
	<section name="Rear Left Brake">
		<attnum name="disk diameter" unit="mm" min="100" max="380" val="350"/>
		<attnum name="piston area" unit="cm2" val="25"/>
		<attnum name="mu" val="0.3"/>
		<attnum name="inertia" unit="kg.m2" val="0.0714"/>
	</section>

</params>
